<?xml version="1.0" encoding="UTF-8" standalone="no"?>
<workflow-app xmlns="uri:oozie:workflow:0.5" name="SparkSql">
	<start to="spark-node" />
	<action name="spark-node">
		<spark xmlns="uri:oozie:spark-action:0.1">
			<job-tracker>${jobTracker}</job-tracker>
			<name-node>${nameNode}</name-node>
			<prepare>
				<delete path="${nameNode}/user/${wf:user()}/${examplesRoot}/output-data" />
			</prepare>
			<master>${master}</master>
			<name>SparkSql</name>
			<class>org.apache.spark.examples.SparkPi</class>
			<jar>lib/spark-examples.jar</jar>
			<spark-opts>--executor-memory 20G --num-executors 50</spark-opts>
			<arg>value=10</arg>
		</spark>
		<ok to="end" />
		<error to="fail" />
	</action>
	<kill name="fail">
		<message>Workflow failed, error
			message[${wf:errorMessage(wf:lastErrorNode())}]
		</message>
	</kill>
	<end name="end" />
</workflow-app>